1,paypal,8.33,2023-06-29 03:08:26
1,debit,8.33,2023-05-25 03:00:34
1,ostalo,8.33,2023-10-27 05:19:42
1,cek,8.33,2023-05-30 15:36:49
1,debit,8.33,2023-07-20 11:36:53
1,paypal,8.33,2023-10-10 03:35:21
1,wallet,8.33,2023-10-17 07:24:37
1,paypal,8.33,2023-10-01 04:09:25
1,debit,8.33,2023-10-22 07:11:22
1,kredit,8.33,2023-07-11 07:21:22
1,redirect,8.33,2023-06-20 14:27:06
1,paypal,8.37,2023-08-20 00:40:30
2,kredit,28.57,2023-06-27 04:40:53
2,debit,28.57,2023-06-13 01:30:35
2,debit,28.57,2023-07-13 07:59:38
2,debit,28.57,2023-09-09 07:02:19
2,cek,28.57,2023-11-16 17:05:30
2,redirect,28.57,2023-07-21 22:43:45
2,redirect,28.58,2023-07-02 12:10:28
3,redirect,16.05,2023-08-09 08:17:37
4,debit,183.0,2023-09-30 08:39:56
5,redirect,43.75,2023-04-25 02:36:08
5,debit,43.75,2023-05-29 01:47:29
5,gotovina,43.75,2023-09-27 20:39:46
5,cek,43.75,2023-08-30 12:22:46
5,kredit,43.75,2023-09-06 10:02:31
5,wallet,43.75,2023-05-26 18:55:25
5,gotovina,43.75,2023-07-30 03:40:29
5,wallet,43.75,2023-05-17 09:46:41
6,kredit,42.86,2023-10-03 01:15:24
6,redirect,42.86,2023-08-25 06:56:26
6,kredit,42.86,2023-07-28 23:49:18
6,kredit,42.86,2023-07-16 19:54:49
6,paypal,42.86,2023-11-01 21:35:12
6,redirect,42.86,2023-06-15 14:13:50
6,redirect,42.86,2023-07-07 20:02:53
7,wallet,600.0,2023-06-17 12:29:58
8,debit,100.0,2023-07-12 09:42:36
8,wallet,100.0,2023-07-25 10:38:28
8,ostalo,100.0,2023-10-12 13:13:49
8,wallet,100.0,2023-11-15 22:53:46
8,kredit,100.0,2023-06-08 08:32:40
8,redirect,100.0,2023-07-31 22:44:58
8,gotovina,100.0,2023-08-14 00:27:34
8,paypal,100.0,2023-08-24 10:02:47
8,wallet,100.0,2023-08-02 11:47:57
8,cek,100.0,2023-08-10 05:11:28
9,paypal,600.0,2023-09-19 03:23:19
10,wallet,1120.0,2023-07-02 03:50:07
11,gotovina,399.83,2023-09-12 20:47:41
12,ostalo,66.67,2023-05-27 13:54:53
12,redirect,66.67,2023-05-29 16:21:05
12,redirect,66.67,2023-05-14 13:41:28
12,debit,66.67,2023-09-12 21:26:58
12,paypal,66.67,2023-08-12 10:36:21
12,kredit,66.67,2023-08-19 08:07:50
12,debit,66.67,2023-07-23 04:59:12
12,gotovina,66.67,2023-09-03 14:12:32
12,gotovina,66.67,2023-05-15 07:29:03
12,gotovina,66.67,2023-07-17 01:13:08
12,debit,66.67,2023-09-25 01:20:49
12,paypal,66.67,2023-08-07 16:43:51
13,cek,185.0,2023-07-15 11:01:01
13,gotovina,185.0,2023-07-17 06:24:25
14,kredit,55.56,2023-06-25 20:10:34
14,paypal,55.56,2023-07-11 10:59:19
14,ostalo,55.56,2023-05-31 20:08:51
14,ostalo,55.56,2023-08-18 15:37:56
14,redirect,55.56,2023-08-07 03:51:34
14,paypal,55.56,2023-08-01 00:04:16
14,paypal,55.56,2023-08-13 19:15:59
14,kredit,55.56,2023-10-27 08:09:15
14,wallet,55.56,2023-07-17 18:29:42
15,gotovina,85.56,2023-06-23 14:49:16
15,wallet,85.56,2023-06-04 09:35:50
15,gotovina,85.56,2023-06-20 00:11:36
15,wallet,85.56,2023-07-30 12:36:55
15,ostalo,85.56,2023-06-04 18:53:09
15,cek,85.56,2023-10-22 19:35:37
15,cek,85.56,2023-05-18 12:31:49
15,wallet,85.56,2023-07-17 03:09:04
15,cek,85.56,2023-10-26 15:21:46
16,debit,200.0,2023-07-16 05:51:12
16,ostalo,200.0,2023-07-05 05:35:16
16,cek,200.0,2023-05-28 16:37:46
16,paypal,200.0,2023-04-26 21:36:18
16,gotovina,200.0,2023-09-13 14:02:46
16,cek,200.0,2023-04-25 09:37:26
16,debit,200.0,2023-06-05 23:11:20
16,paypal,200.0,2023-08-25 04:38:37
16,gotovina,200.0,2023-06-17 16:48:31
16,ostalo,200.0,2023-09-19 14:36:53
17,redirect,200.0,2023-04-26 08:31:12
17,gotovina,200.0,2023-07-14 12:17:58
17,ostalo,200.0,2023-07-07 07:19:17
18,cek,450.0,2023-09-07 22:58:58
19,paypal,60.0,2023-09-14 02:03:31
19,paypal,60.0,2023-09-04 14:31:50
19,cek,60.0,2023-07-30 15:13:52
19,wallet,60.0,2023-10-12 10:30:00
19,wallet,60.0,2023-08-17 15:01:44
19,cek,60.0,2023-10-06 21:50:42
19,redirect,60.0,2023-07-07 05:39:25
19,wallet,60.0,2023-08-04 16:35:16
19,ostalo,60.0,2023-10-15 20:42:21
19,redirect,60.0,2023-04-29 19:47:48
20,wallet,600.0,2023-10-23 19:51:39
21,debit,600.0,2023-11-21 01:16:39
22,ostalo,524.86,2023-07-19 23:05:13
23,ostalo,449.89,2023-08-16 12:19:48
24,debit,37.5,2023-05-21 00:58:25
24,kredit,37.5,2023-10-08 18:04:05
24,wallet,37.5,2023-10-10 05:33:26
24,ostalo,37.5,2023-09-27 14:07:30
24,paypal,37.5,2023-09-01 10:12:16
24,gotovina,37.5,2023-08-10 20:48:41
24,paypal,37.5,2023-09-04 20:32:53
24,redirect,37.5,2023-07-14 11:52:49
25,paypal,350.0,2023-10-15 18:45:48
26,kredit,171.43,2023-07-11 15:38:01
26,gotovina,171.43,2023-08-03 23:55:10
26,gotovina,171.43,2023-05-31 22:14:37
26,ostalo,171.43,2023-08-02 12:32:17
26,paypal,171.43,2023-08-24 18:21:49
26,paypal,171.43,2023-08-17 16:39:24
26,gotovina,171.43,2023-08-05 07:21:06
27,redirect,378.72,2023-09-20 19:21:13
31,ostalo,1120.71,2023-06-10 13:42:45
32,gotovina,550.0,2023-10-11 04:06:33
33,kredit,560.0,2023-08-03 19:20:08
34,ostalo,12.24,2023-05-19 02:51:26
35,kredit,196.92,2023-09-13 10:28:57
36,kredit,300.0,2023-09-03 11:25:36
36,ostalo,300.0,2023-09-13 06:47:38
37,gotovina,470.0,2023-06-21 18:01:49
38,ostalo,111.67,2023-07-09 17:19:35
38,wallet,111.67,2023-08-30 02:12:35
38,redirect,111.67,2023-06-09 11:55:10
39,wallet,500.0,2023-08-18 00:38:25
40,cek,434.38,2023-06-08 00:58:56
41,debit,289.68,2023-05-28 08:38:43
43,wallet,400.0,2023-09-21 08:17:57
44,paypal,26.11,2023-07-29 09:21:17
44,redirect,26.11,2023-06-12 10:54:06
44,paypal,26.11,2023-07-07 16:25:04
44,paypal,26.11,2023-06-18 06:11:52
44,gotovina,26.11,2023-07-15 20:13:35
44,gotovina,26.11,2023-05-27 04:59:21
44,ostalo,26.11,2023-09-12 14:05:19
44,gotovina,26.11,2023-06-15 06:33:42
44,redirect,26.12,2023-08-22 23:16:31
46,debit,22.22,2023-08-10 23:34:58
46,kredit,22.22,2023-06-13 06:44:57
46,kredit,22.22,2023-06-29 09:41:56
46,gotovina,22.22,2023-08-29 04:57:42
46,debit,22.22,2023-10-22 02:45:28
46,paypal,22.22,2023-10-14 01:00:38
46,wallet,22.22,2023-09-17 17:16:34
46,paypal,22.22,2023-06-27 23:28:35
46,paypal,22.24,2023-09-27 18:54:16
47,paypal,135.0,2023-10-08 03:33:58
47,gotovina,135.0,2023-09-20 07:08:22
49,kredit,270.0,2023-10-08 01:45:40
50,cek,20.83,2023-09-16 15:36:31
50,kredit,20.83,2023-07-30 12:45:04
50,gotovina,20.83,2023-07-18 04:53:05
50,wallet,20.83,2023-08-06 22:40:21
50,redirect,20.83,2023-11-09 10:35:59
50,kredit,20.85,2023-08-17 05:51:58
51,redirect,653.15,2023-09-09 18:33:00
52,debit,2000.0,2023-06-11 02:30:05
53,cek,66.67,2023-06-10 08:35:19
53,paypal,66.67,2023-10-07 15:11:36
53,kredit,66.67,2023-08-05 02:57:10
53,kredit,66.67,2023-04-30 08:22:05
53,gotovina,66.67,2023-09-26 13:18:03
53,gotovina,66.67,2023-09-15 01:04:07
54,cek,350.0,2023-08-05 22:42:40
55,wallet,75.0,2023-07-13 14:10:23
55,gotovina,75.0,2023-05-10 23:50:04
55,debit,75.0,2023-09-18 00:31:46
55,cek,75.0,2023-07-04 09:15:06
55,paypal,75.0,2023-06-22 09:48:11
55,wallet,75.0,2023-05-09 01:41:11
55,debit,75.0,2023-08-25 05:06:20
55,gotovina,75.0,2023-09-18 12:19:13
56,gotovina,200.0,2023-10-04 20:07:40
57,ostalo,1470.0,2023-07-07 11:24:03
58,ostalo,58.33,2023-10-15 16:33:23
58,kredit,58.33,2023-07-09 11:26:47
58,ostalo,58.33,2023-10-23 09:42:03
58,kredit,58.33,2023-06-21 12:51:05
58,gotovina,58.33,2023-10-15 21:08:00
58,gotovina,58.33,2023-10-27 15:37:25
58,wallet,58.33,2023-11-18 12:58:49
58,cek,58.33,2023-11-08 04:10:39
58,cek,58.33,2023-05-30 20:04:32
58,wallet,58.33,2023-07-10 05:45:04
58,wallet,58.33,2023-08-26 16:26:08
58,redirect,58.37,2023-10-25 02:56:36
60,debit,500.0,2023-07-16 13:09:24
61,gotovina,398.71,2023-05-09 19:29:45
62,debit,333.33,2023-07-28 00:22:51
62,kredit,333.33,2023-06-22 23:55:13
62,gotovina,333.34,2023-08-31 17:48:43
63,wallet,66.67,2023-05-09 11:52:10
63,wallet,66.67,2023-09-29 18:20:10
63,redirect,66.67,2023-06-29 02:56:22
63,kredit,66.67,2023-09-21 06:38:16
63,redirect,66.67,2023-09-03 00:19:27
63,wallet,66.67,2023-07-12 21:38:22
63,ostalo,66.67,2023-06-26 13:24:58
63,paypal,66.67,2023-07-31 05:18:22
63,cek,66.67,2023-10-15 11:09:06
64,gotovina,27.78,2023-07-01 10:54:23
64,kredit,27.78,2023-05-10 18:19:39
64,cek,27.78,2023-05-07 15:08:21
64,wallet,27.78,2023-09-01 23:19:22
64,ostalo,27.78,2023-09-04 13:31:22
64,debit,27.78,2023-07-16 10:26:38
64,paypal,27.78,2023-05-23 09:26:42
64,debit,27.78,2023-07-23 06:14:44
64,kredit,27.78,2023-06-12 06:43:04
65,redirect,350.0,2023-08-13 20:12:46
66,paypal,534.73,2023-09-18 01:23:08
67,debit,300.0,2023-06-17 00:35:17
68,ostalo,50.0,2023-07-09 00:25:15
68,cek,50.0,2023-05-25 05:23:19
68,debit,50.0,2023-07-25 10:57:11
68,redirect,50.0,2023-08-17 19:31:15
68,wallet,50.0,2023-06-30 22:42:12
69,wallet,200.0,2023-09-07 12:20:24
70,kredit,73.33,2023-07-02 18:08:08
70,gotovina,73.33,2023-09-06 02:16:14
70,ostalo,73.34,2023-05-12 21:49:58
72,paypal,110.0,2023-09-26 19:27:57
72,redirect,110.0,2023-10-08 21:18:32
72,cek,110.0,2023-07-16 10:59:45
72,ostalo,110.0,2023-04-27 09:03:40
72,kredit,110.0,2023-07-30 14:52:47
72,redirect,110.0,2023-07-23 03:59:20
72,gotovina,110.0,2023-09-14 12:23:26
73,cek,204.14,2023-05-12 13:30:24
74,debit,350.0,2023-11-02 06:23:41
75,debit,58.29,2023-08-07 13:50:22
76,debit,256.67,2023-10-19 03:52:47
76,cek,256.67,2023-05-16 22:30:00
76,ostalo,256.67,2023-05-25 10:34:13
79,cek,175.0,2023-09-22 23:32:58
79,wallet,175.0,2023-05-17 20:18:58
79,debit,175.0,2023-04-30 06:03:55
79,gotovina,175.0,2023-05-12 01:31:13
80,cek,48.54,2023-09-03 07:11:02
81,wallet,360.0,2023-11-10 19:35:31
81,debit,360.0,2023-07-29 23:31:21
81,ostalo,360.0,2023-07-29 16:34:10
81,paypal,360.0,2023-11-21 17:42:16
81,paypal,360.0,2023-10-29 05:48:52
82,redirect,389.0,2023-05-26 22:31:47
83,paypal,57.14,2023-08-12 05:29:43
83,paypal,57.14,2023-09-03 14:41:33
83,ostalo,57.14,2023-07-08 18:12:51
83,ostalo,57.14,2023-09-29 23:29:46
83,wallet,57.14,2023-09-11 13:57:47
83,ostalo,57.14,2023-09-17 05:40:31
83,paypal,57.16,2023-08-20 06:59:15
85,redirect,197.0,2023-07-02 06:15:45
85,gotovina,197.0,2023-07-24 06:50:41
85,cek,197.0,2023-05-16 21:31:51
85,gotovina,197.0,2023-06-14 06:22:19
85,debit,197.0,2023-06-13 10:01:48
85,debit,197.0,2023-10-01 15:03:16
85,gotovina,197.0,2023-05-15 22:55:21
85,gotovina,197.0,2023-09-12 18:29:06
85,redirect,197.0,2023-05-24 16:17:00
85,paypal,197.0,2023-08-06 11:42:09
86,wallet,90.0,2023-06-02 12:36:10
86,ostalo,90.0,2023-07-08 16:48:01
86,paypal,90.0,2023-08-23 02:59:04
86,wallet,90.0,2023-06-24 10:27:34
86,gotovina,90.0,2023-07-22 00:36:53
87,wallet,700.0,2023-08-01 15:42:43
88,cek,700.0,2023-07-24 11:23:28
89,kredit,4.41,2023-05-12 15:10:51
91,debit,370.0,2023-05-11 12:11:19
92,cek,173.33,2023-04-16 20:01:04
92,kredit,173.33,2023-04-30 21:05:48
92,redirect,173.34,2023-05-25 08:42:13
95,wallet,215.36,2023-04-23 15:29:21
96,redirect,300.0,2023-09-29 00:37:21
101,ostalo,2000.0,2023-10-14 23:03:36
102,cek,421.97,2023-08-30 15:25:15
103,cek,240.0,2023-06-18 01:01:57
103,gotovina,240.0,2023-08-31 22:21:02
103,redirect,240.0,2023-09-16 07:05:19
103,paypal,240.0,2023-10-15 03:24:11
103,kredit,240.0,2023-09-29 19:42:39
105,redirect,375.0,2023-09-20 13:22:13
105,paypal,375.0,2023-07-13 23:27:34
105,ostalo,375.0,2023-07-22 19:23:52
105,cek,375.0,2023-10-11 04:21:41
106,cek,275.9,2023-09-29 20:42:39
107,ostalo,188.17,2023-07-19 17:29:56
109,cek,1000.0,2023-10-03 01:49:49
110,paypal,760.98,2023-10-17 09:17:01
112,paypal,450.0,2023-10-01 18:48:36
113,wallet,37.5,2023-04-12 11:08:09
113,cek,37.5,2023-05-16 14:02:37
113,paypal,37.5,2023-05-12 01:08:58
113,cek,37.5,2023-06-01 16:53:05
113,wallet,37.5,2023-05-02 07:08:12
113,gotovina,37.5,2023-06-27 02:26:41
113,cek,37.5,2023-05-30 15:41:38
113,kredit,37.5,2023-07-03 12:47:42
114,ostalo,150.0,2023-05-24 23:57:11
114,kredit,150.0,2023-05-03 12:07:49
114,redirect,150.0,2023-09-04 17:27:17
114,gotovina,150.0,2023-07-20 08:22:12
116,redirect,100.0,2023-07-05 14:46:54
116,debit,100.0,2023-09-03 02:43:37
116,debit,100.0,2023-11-20 10:59:19
117,cek,500.0,2023-10-09 09:46:18
118,gotovina,100.0,2023-07-01 17:53:01
118,redirect,100.0,2023-09-27 12:10:14
118,ostalo,100.0,2023-06-17 09:02:16
118,ostalo,100.0,2023-09-28 12:07:17
118,kredit,100.0,2023-05-21 10:24:21
118,gotovina,100.0,2023-09-22 08:02:04
118,redirect,100.0,2023-06-23 17:55:54
118,paypal,100.0,2023-08-01 14:45:13
118,kredit,100.0,2023-05-29 22:58:03
118,debit,100.0,2023-07-28 16:49:15
119,redirect,250.0,2023-08-09 23:19:25
121,paypal,35.0,2023-10-10 04:11:54
121,redirect,35.0,2023-11-01 12:48:25
121,paypal,35.0,2023-05-31 18:53:03
121,wallet,35.0,2023-07-15 16:27:36
121,cek,35.0,2023-07-25 21:29:49
121,kredit,35.0,2023-08-04 02:53:39
121,redirect,35.0,2023-10-07 13:57:56
121,debit,35.0,2023-09-19 12:41:12
121,paypal,35.0,2023-10-17 10:01:41
121,wallet,35.0,2023-08-05 09:00:58
122,wallet,36.36,2023-08-17 10:00:30
122,paypal,36.36,2023-09-11 09:51:38
122,paypal,36.36,2023-07-11 23:00:52
122,wallet,36.36,2023-09-06 05:15:55
122,kredit,36.36,2023-08-09 14:24:55
122,gotovina,36.36,2023-11-20 01:51:00
122,gotovina,36.36,2023-09-24 06:14:31
122,paypal,36.36,2023-06-19 19:42:23
122,kredit,36.36,2023-10-15 02:27:53
122,debit,36.36,2023-08-21 13:29:50
122,kredit,36.4,2023-11-25 20:47:44
123,paypal,346.37,2023-10-10 10:00:05
124,paypal,300.0,2023-11-11 17:04:45
125,ostalo,400.0,2023-07-20 19:45:52
126,debit,166.4,2023-05-15 14:46:00
128,kredit,160.0,2023-10-19 10:52:06
129,ostalo,285.71,2023-09-26 16:39:01
129,paypal,285.71,2023-07-23 16:10:59
129,gotovina,285.71,2023-09-07 12:28:55
129,paypal,285.71,2023-06-06 04:27:57
129,kredit,285.71,2023-06-03 07:49:42
129,kredit,285.71,2023-06-15 11:56:10
129,debit,285.74,2023-07-10 15:14:27
130,wallet,100.0,2023-08-15 04:28:57
130,redirect,100.0,2023-06-05 00:34:09
130,ostalo,100.0,2023-06-28 01:29:32
130,kredit,100.0,2023-07-29 05:34:50
130,paypal,100.0,2023-10-10 03:17:37
130,ostalo,100.0,2023-09-08 13:47:32
130,redirect,100.0,2023-08-09 14:22:39
130,ostalo,100.0,2023-08-16 00:12:14
131,gotovina,170.0,2023-10-10 16:27:50
132,redirect,240.0,2023-08-23 09:12:03
132,paypal,240.0,2023-06-02 19:08:08
132,paypal,240.0,2023-07-21 16:48:20
132,wallet,240.0,2023-05-08 07:52:23
132,paypal,240.0,2023-07-28 15:54:59
133,kredit,300.0,2023-07-04 03:35:06
133,gotovina,300.0,2023-10-01 08:44:45
134,ostalo,159.02,2023-05-10 20:03:23
136,redirect,38.89,2023-06-05 22:13:48
136,gotovina,38.89,2023-08-28 19:23:20
136,gotovina,38.89,2023-04-27 03:28:27
136,gotovina,38.89,2023-08-03 23:52:28
136,gotovina,38.89,2023-07-23 01:26:43
136,gotovina,38.89,2023-08-20 13:45:20
136,redirect,38.89,2023-08-14 10:28:29
136,wallet,38.89,2023-09-24 14:53:33
136,wallet,38.89,2023-05-20 20:20:29
137,kredit,261.53,2023-07-10 16:23:58
138,kredit,100.0,2023-04-21 11:06:53
138,paypal,100.0,2023-10-03 19:35:56
138,paypal,100.0,2023-10-01 05:05:37
138,cek,100.0,2023-08-20 03:47:53
138,wallet,100.0,2023-05-08 05:13:31
138,gotovina,100.0,2023-08-23 14:20:14
138,redirect,100.0,2023-08-27 02:47:37
138,debit,100.0,2023-06-04 00:57:20
138,paypal,100.0,2023-06-23 20:11:32
138,ostalo,100.0,2023-08-18 20:28:05
139,gotovina,2.95,2023-06-13 18:25:58
140,debit,1199.22,2023-07-14 17:06:22
141,gotovina,800.0,2023-10-15 11:34:20
142,cek,350.0,2023-07-01 00:31:58
143,ostalo,33.33,2023-07-25 15:51:45
143,kredit,33.33,2023-09-22 03:26:30
143,paypal,33.33,2023-10-05 02:34:01
143,ostalo,33.33,2023-06-20 12:12:32
143,kredit,33.33,2023-06-01 22:20:14
143,debit,33.33,2023-09-06 03:55:39
143,paypal,33.33,2023-11-16 02:42:39
143,debit,33.33,2023-07-15 20:04:40
143,cek,33.37,2023-08-24 02:47:54
144,gotovina,37.5,2023-11-09 09:14:52
144,gotovina,37.5,2023-09-28 15:07:23
144,ostalo,37.5,2023-09-24 10:29:28
144,debit,37.5,2023-08-29 19:40:56
146,redirect,251.2,2023-05-10 12:22:42
147,wallet,700.0,2023-10-06 18:28:30
149,debit,52.47,2023-05-16 13:20:02
150,ostalo,250.0,2023-07-25 16:10:27
151,paypal,40.91,2023-07-27 10:23:03
151,kredit,40.91,2023-06-06 02:33:38
151,ostalo,40.91,2023-05-26 17:42:06
151,wallet,40.91,2023-09-03 12:06:08
151,gotovina,40.91,2023-09-29 07:28:09
151,kredit,40.91,2023-06-29 02:51:21
151,wallet,40.91,2023-07-15 06:42:49
151,debit,40.91,2023-09-14 10:46:40
151,cek,40.91,2023-08-24 22:22:58
151,ostalo,40.91,2023-05-23 09:09:59
151,wallet,40.91,2023-07-27 13:21:57
152,kredit,55.56,2023-09-26 11:45:59
152,redirect,55.56,2023-11-09 19:50:56
152,debit,55.56,2023-06-04 19:38:30
152,redirect,55.56,2023-06-11 01:41:10
152,redirect,55.56,2023-06-21 05:12:06
152,wallet,55.56,2023-10-24 21:13:49
152,kredit,55.56,2023-06-18 03:24:17
152,ostalo,55.56,2023-11-21 23:05:43
152,kredit,55.56,2023-06-08 15:02:51
153,kredit,100.0,2023-08-12 12:25:40
153,kredit,100.0,2023-07-19 13:01:15
153,wallet,100.0,2023-07-24 12:18:38
153,redirect,100.0,2023-04-18 15:43:20
153,gotovina,100.0,2023-09-01 01:30:34
153,kredit,100.0,2023-06-28 07:00:55
153,wallet,100.0,2023-05-03 20:12:18
153,kredit,100.0,2023-09-11 14:42:51
154,cek,367.5,2023-08-18 20:24:23
154,cek,367.5,2023-06-30 12:33:00
154,wallet,367.5,2023-08-12 10:03:47
154,cek,367.5,2023-09-04 12:08:35
155,debit,40.0,2023-05-09 05:34:26
155,wallet,40.0,2023-05-15 07:37:50
155,kredit,40.0,2023-05-03 18:11:06
155,gotovina,40.0,2023-07-07 09:42:45
155,wallet,40.0,2023-09-02 09:42:53
155,redirect,40.0,2023-09-09 14:55:36
155,ostalo,40.0,2023-06-27 21:29:40
155,gotovina,40.0,2023-08-29 16:50:30
155,cek,40.0,2023-10-26 23:23:16
155,debit,40.0,2023-09-23 19:27:47
156,kredit,232.04,2023-05-09 15:33:33
158,gotovina,87.5,2023-07-12 04:21:37
158,paypal,87.5,2023-08-07 23:04:20
158,kredit,87.5,2023-07-02 09:38:05
158,debit,87.5,2023-07-28 02:54:29
159,paypal,251.0,2023-08-26 11:44:17
160,debit,350.0,2023-08-15 05:18:38
161,ostalo,37.5,2023-05-21 19:29:52
161,gotovina,37.5,2023-09-30 02:01:41
161,paypal,37.5,2023-06-02 06:53:54
161,cek,37.5,2023-06-21 02:35:01
161,kredit,37.5,2023-06-16 21:35:14
161,kredit,37.5,2023-05-12 19:31:56
161,cek,37.5,2023-09-13 22:49:30
161,cek,37.5,2023-05-20 12:51:34
163,ostalo,18.18,2023-06-07 09:10:47
163,kredit,18.18,2023-06-24 02:15:53
163,debit,18.18,2023-09-08 23:43:43
163,redirect,18.18,2023-09-16 13:00:27
163,ostalo,18.18,2023-09-27 12:04:51
163,redirect,18.18,2023-08-03 22:00:16
163,gotovina,18.18,2023-08-06 06:14:12
163,gotovina,18.18,2023-10-19 06:03:20
163,redirect,18.18,2023-10-12 00:36:51
163,wallet,18.18,2023-07-19 10:02:12
163,gotovina,18.2,2023-05-23 22:20:51
164,debit,100.0,2023-09-19 08:49:10
164,wallet,100.0,2023-06-22 00:31:56
164,kredit,100.0,2023-04-23 04:27:12
164,debit,100.0,2023-07-22 19:34:22
164,gotovina,100.0,2023-07-28 09:48:19
164,ostalo,100.0,2023-06-02 19:03:37
164,redirect,100.0,2023-08-25 12:19:10
164,kredit,100.0,2023-08-13 22:00:08
164,ostalo,100.0,2023-09-24 04:10:20
164,redirect,100.0,2023-10-06 07:04:44
164,debit,100.0,2023-08-01 14:43:09
164,gotovina,100.0,2023-06-29 02:10:46
165,paypal,41.91,2023-10-30 20:00:45
166,wallet,300.0,2023-09-01 05:43:35
167,debit,44.44,2023-08-02 19:35:13
167,gotovina,44.44,2023-07-30 08:14:03
167,redirect,44.44,2023-06-04 15:39:49
167,wallet,44.44,2023-06-08 01:24:17
167,paypal,44.44,2023-06-21 08:15:50
167,gotovina,44.44,2023-10-08 12:34:12
167,wallet,44.44,2023-08-15 03:40:17
167,redirect,44.44,2023-09-20 12:32:22
167,debit,44.48,2023-08-20 15:16:28
169,gotovina,77.94,2023-08-31 16:47:12
172,wallet,25.0,2023-09-24 22:50:12
172,wallet,25.0,2023-08-28 23:47:38
172,ostalo,25.0,2023-08-28 05:12:24
172,kredit,25.0,2023-07-14 08:49:01
172,gotovina,25.0,2023-11-04 01:36:41
172,ostalo,25.0,2023-08-10 23:46:19
172,paypal,25.0,2023-07-29 07:28:02
172,debit,25.0,2023-11-01 13:31:28
172,debit,25.0,2023-09-06 15:03:24
172,cek,25.0,2023-11-05 05:50:44
172,cek,25.0,2023-10-06 14:30:39
172,wallet,25.0,2023-06-17 12:39:08
175,wallet,512.22,2023-06-04 14:05:43
176,debit,27.27,2023-09-18 09:35:13
176,ostalo,27.27,2023-05-25 11:56:55
176,cek,27.27,2023-10-18 17:58:22
176,redirect,27.27,2023-06-11 12:22:07
176,debit,27.27,2023-10-27 22:05:42
176,wallet,27.27,2023-09-10 03:24:22
176,paypal,27.27,2023-06-02 00:26:09
176,debit,27.27,2023-07-24 03:38:32
176,redirect,27.27,2023-05-30 06:03:57
176,cek,27.27,2023-06-29 18:01:07
176,wallet,27.3,2023-06-06 18:24:15
177,paypal,220.0,2023-06-23 15:42:02
178,paypal,800.0,2023-10-11 20:06:41
179,gotovina,100.0,2023-07-10 17:19:48
179,wallet,100.0,2023-05-07 22:52:20
179,wallet,100.0,2023-06-27 23:14:45
180,cek,1500.0,2023-08-19 02:04:14
182,paypal,57.14,2023-08-07 04:28:54
182,wallet,57.14,2023-07-31 09:49:20
182,redirect,57.14,2023-10-26 19:57:24
182,ostalo,57.14,2023-08-08 15:18:20
182,paypal,57.14,2023-10-20 09:30:48
182,paypal,57.14,2023-08-24 04:54:52
182,debit,57.16,2023-08-06 02:21:13
183,ostalo,388.43,2023-05-30 10:09:38
184,cek,470.0,2023-06-04 14:54:53
186,kredit,400.0,2023-08-18 23:57:37
188,redirect,121.25,2023-05-24 13:13:42
188,redirect,121.25,2023-06-03 03:20:04
188,kredit,121.25,2023-09-20 01:34:46
188,wallet,121.25,2023-07-16 00:35:58
188,redirect,121.25,2023-07-01 12:17:30
188,redirect,121.25,2023-09-11 17:42:04
188,redirect,121.25,2023-04-28 07:00:56
188,paypal,121.25,2023-06-18 12:44:20
189,wallet,300.0,2023-07-14 15:46:36
190,cek,353.87,2023-10-10 04:13:17
191,kredit,235.0,2023-07-19 15:06:39
192,cek,158.75,2023-07-12 22:05:42
195,paypal,206.01,2023-09-21 06:17:01
196,gotovina,150.0,2023-10-23 10:02:30
196,cek,150.0,2023-06-20 14:13:39
196,ostalo,150.0,2023-08-16 17:40:16
196,debit,150.0,2023-08-17 23:39:05
196,gotovina,150.0,2023-10-20 16:52:10
196,wallet,150.0,2023-05-24 08:34:58
196,kredit,150.0,2023-06-01 10:27:48
196,paypal,150.0,2023-09-03 03:31:20
197,debit,550.0,2023-08-09 19:52:42
198,redirect,320.0,2023-08-16 23:03:36
200,paypal,131.75,2023-10-24 01:14:32
202,kredit,180.0,2023-10-03 11:17:20
202,wallet,180.0,2023-07-03 02:11:30
203,redirect,450.0,2023-06-19 02:42:25
204,cek,165.62,2023-08-04 09:21:27
205,debit,140.0,2023-10-13 23:00:36
205,cek,140.0,2023-06-25 23:36:51
205,wallet,140.0,2023-07-19 01:13:58
205,gotovina,140.0,2023-08-11 21:53:14
207,ostalo,61.11,2023-05-08 02:21:14
207,wallet,61.11,2023-09-09 16:45:01
207,wallet,61.11,2023-06-17 08:37:13
207,redirect,61.11,2023-09-16 17:16:55
207,paypal,61.11,2023-04-21 09:19:43
207,ostalo,61.11,2023-10-16 08:46:58
207,cek,61.11,2023-06-01 06:08:07
207,ostalo,61.11,2023-08-02 12:55:19
207,ostalo,61.12,2023-04-28 06:25:55
208,kredit,600.0,2023-04-30 14:53:49
210,gotovina,271.01,2023-10-18 02:27:55
211,redirect,1000.0,2023-05-26 16:43:14
211,ostalo,1000.0,2023-07-25 03:14:40
212,debit,54.55,2023-08-09 16:00:29
212,cek,54.55,2023-09-20 07:45:06
212,gotovina,54.55,2023-07-27 06:44:15
212,debit,54.55,2023-06-05 00:41:33
212,wallet,54.55,2023-06-01 00:59:28
212,debit,54.55,2023-11-01 13:13:49
212,gotovina,54.55,2023-05-30 22:59:38
212,cek,54.55,2023-08-06 09:02:20
212,paypal,54.55,2023-08-29 02:49:21
212,gotovina,54.55,2023-07-25 16:34:08
212,cek,54.55,2023-06-14 16:29:49
213,gotovina,158.37,2023-04-26 16:07:37
214,paypal,43.33,2023-08-18 01:30:34
214,cek,43.33,2023-07-06 06:14:45
214,cek,43.33,2023-07-20 05:32:36
214,paypal,43.33,2023-10-21 19:17:39
214,redirect,43.33,2023-07-18 18:47:50
214,cek,43.33,2023-09-26 01:52:58
214,ostalo,43.33,2023-05-24 00:00:37
214,cek,43.33,2023-09-02 10:25:56
214,ostalo,43.33,2023-05-28 04:58:52
214,debit,43.33,2023-09-03 00:40:10
214,cek,43.33,2023-07-20 07:26:47
214,wallet,43.38,2023-10-04 09:40:32
215,cek,161.67,2023-07-19 05:10:10
215,debit,161.67,2023-06-02 13:53:16
215,cek,161.67,2023-05-30 03:35:03
215,gotovina,161.67,2023-06-17 22:47:11
215,gotovina,161.67,2023-06-10 04:14:52
215,paypal,161.67,2023-04-26 00:21:33
216,redirect,40.0,2023-07-24 23:57:00
216,ostalo,40.0,2023-09-12 22:36:25
216,redirect,40.0,2023-10-16 01:01:21
216,paypal,40.0,2023-08-26 23:36:04
216,redirect,40.0,2023-05-08 20:41:34
216,redirect,40.0,2023-07-14 12:04:53
216,cek,40.0,2023-06-01 19:58:31
216,redirect,40.0,2023-07-24 02:18:22
216,redirect,40.0,2023-06-06 01:44:34
218,redirect,220.0,2023-07-18 09:44:20
220,debit,16.67,2023-08-08 02:16:56
220,redirect,16.67,2023-07-22 02:49:16
220,gotovina,16.67,2023-06-01 16:18:34
220,debit,16.67,2023-09-17 20:38:01
220,gotovina,16.67,2023-09-13 10:30:44
220,redirect,16.67,2023-10-05 21:59:05
220,gotovina,16.67,2023-09-10 13:57:27
220,wallet,16.67,2023-06-28 22:48:59
220,cek,16.67,2023-08-17 05:57:30
220,paypal,16.67,2023-09-12 02:06:40
220,redirect,16.67,2023-09-15 05:39:05
220,paypal,16.67,2023-05-27 03:10:45
221,debit,350.0,2023-09-17 04:05:37
222,ostalo,770.0,2023-06-13 12:19:18
223,paypal,633.57,2023-10-11 03:11:09
224,debit,860.75,2023-08-10 14:50:43
225,gotovina,300.0,2023-08-13 08:00:05
226,debit,125.0,2023-05-30 17:08:59
228,kredit,54.0,2023-05-27 22:30:02
228,redirect,54.0,2023-06-26 06:35:49
228,gotovina,54.0,2023-06-07 14:54:27
228,wallet,54.0,2023-08-06 10:26:37
228,debit,54.0,2023-09-07 01:08:40
231,gotovina,1000.0,2023-09-09 15:31:07
232,kredit,62.5,2023-05-24 10:59:47
232,paypal,62.5,2023-08-14 08:19:16
232,ostalo,62.5,2023-06-22 02:14:18
232,redirect,62.5,2023-06-16 16:00:15
232,kredit,62.5,2023-04-17 16:43:28
232,ostalo,62.5,2023-08-07 15:28:06
232,gotovina,62.5,2023-06-19 00:55:39
232,cek,62.5,2023-06-06 16:28:58
234,gotovina,499.48,2023-07-15 03:01:07
235,kredit,50.0,2023-09-25 16:21:07
235,redirect,50.0,2023-07-16 19:50:55
235,cek,50.0,2023-04-11 15:57:11
235,ostalo,50.0,2023-06-26 19:17:45
235,cek,50.0,2023-07-04 23:16:51
235,debit,50.0,2023-04-21 04:27:40
235,wallet,50.0,2023-04-11 18:11:45
235,gotovina,50.0,2023-04-29 06:12:19
235,wallet,50.0,2023-09-04 11:33:12
235,paypal,50.0,2023-04-25 00:18:22
235,wallet,50.0,2023-07-11 00:22:15
236,redirect,350.0,2023-07-18 12:05:49
237,cek,83.33,2023-07-20 20:58:29
237,kredit,83.33,2023-06-27 02:36:42
237,ostalo,83.33,2023-05-12 16:03:23
237,ostalo,83.33,2023-09-25 12:08:30
237,redirect,83.33,2023-05-19 21:50:33
237,cek,83.33,2023-05-08 11:56:32
237,cek,83.33,2023-08-04 20:06:43
237,ostalo,83.33,2023-07-07 17:20:26
237,debit,83.33,2023-06-24 11:22:36
237,debit,83.33,2023-09-16 16:33:59
237,kredit,83.33,2023-05-05 22:17:05
237,cek,83.37,2023-05-25 10:47:53
238,cek,150.0,2023-10-04 09:25:44
238,gotovina,150.0,2023-09-01 13:26:49
238,wallet,150.0,2023-05-30 13:03:51
238,kredit,150.0,2023-10-04 18:09:59
239,cek,1200.0,2023-11-12 19:06:32
240,redirect,171.43,2023-08-24 04:07:33
240,kredit,171.43,2023-09-09 02:29:40
240,kredit,171.43,2023-10-23 08:03:59
240,debit,171.43,2023-09-19 18:11:30
240,ostalo,171.43,2023-07-16 00:18:32
240,wallet,171.43,2023-06-02 23:07:00
240,ostalo,171.43,2023-06-13 23:34:26
241,gotovina,44.44,2023-10-18 14:23:50
241,redirect,44.44,2023-09-15 08:29:32
241,wallet,44.44,2023-08-31 07:35:10
241,wallet,44.44,2023-10-22 11:39:58
241,debit,44.44,2023-09-14 20:24:12
241,cek,44.44,2023-10-26 12:31:15
241,kredit,44.44,2023-10-20 06:08:35
241,gotovina,44.44,2023-06-27 16:41:47
241,ostalo,44.48,2023-08-09 20:39:21
242,cek,80.0,2023-10-16 11:23:37
242,paypal,80.0,2023-07-09 04:17:49
242,redirect,80.0,2023-07-24 01:42:39
242,redirect,80.0,2023-08-22 08:50:48
242,paypal,80.0,2023-07-15 21:59:16
243,ostalo,27.78,2023-09-28 15:32:24
243,redirect,27.78,2023-09-26 15:08:37
243,paypal,27.78,2023-06-29 22:53:57
243,debit,27.78,2023-08-14 05:59:13
243,ostalo,27.78,2023-09-15 11:04:39
243,paypal,27.78,2023-05-27 06:12:33
243,ostalo,27.78,2023-08-13 22:19:09
243,kredit,27.78,2023-10-13 22:15:58
243,redirect,27.78,2023-08-07 00:32:21
244,ostalo,300.0,2023-05-13 20:30:11
245,redirect,111.11,2023-05-25 19:25:34
245,debit,111.11,2023-06-04 03:45:03
245,gotovina,111.11,2023-05-31 21:13:27
245,debit,111.11,2023-09-08 07:17:00
245,debit,111.11,2023-08-21 20:12:11
245,wallet,111.11,2023-09-03 10:01:43
245,debit,111.11,2023-10-25 22:58:14
245,kredit,111.11,2023-08-06 13:36:15
245,wallet,111.12,2023-08-24 21:57:48
246,wallet,35.0,2023-04-23 05:10:05
246,debit,35.0,2023-09-11 14:33:29
246,paypal,35.0,2023-08-27 01:17:21
246,gotovina,35.0,2023-08-25 02:20:35
246,debit,35.0,2023-05-02 08:41:01
246,paypal,35.0,2023-06-30 15:38:06
246,gotovina,35.0,2023-05-22 17:03:52
246,ostalo,35.0,2023-09-15 19:58:24
246,wallet,35.0,2023-06-27 06:42:03
246,cek,35.0,2023-05-22 05:16:37
247,paypal,350.0,2023-08-01 08:58:42
248,debit,168.07,2023-08-31 15:24:11
249,debit,256.67,2023-05-28 06:38:50
249,paypal,256.67,2023-07-27 23:47:33
249,kredit,256.67,2023-05-13 12:52:36
250,cek,88.89,2023-04-05 15:00:41
250,paypal,88.89,2023-09-12 08:13:47
250,redirect,88.89,2023-04-23 08:23:04
250,ostalo,88.89,2023-08-02 03:14:58
250,ostalo,88.89,2023-05-29 16:30:23
250,ostalo,88.89,2023-07-29 05:17:05
250,kredit,88.89,2023-05-15 02:30:24
250,wallet,88.89,2023-06-03 01:19:43
250,redirect,88.89,2023-05-21 23:18:18
251,redirect,350.0,2023-06-28 13:35:19
253,ostalo,158.32,2023-08-01 16:24:55
254,debit,970.0,2023-05-08 19:50:40
255,cek,759.02,2023-07-02 21:38:15
256,redirect,75.0,2023-05-28 23:27:42
256,gotovina,75.0,2023-09-23 14:03:06
256,debit,75.0,2023-05-22 19:03:49
257,gotovina,85.71,2023-09-07 08:01:01
257,cek,85.71,2023-11-17 03:42:18
257,cek,85.71,2023-11-05 13:34:10
257,kredit,85.71,2023-07-03 22:42:49
257,debit,85.71,2023-10-31 07:43:06
257,cek,85.71,2023-06-19 12:24:00
257,gotovina,85.74,2023-09-25 08:39:12
258,redirect,200.0,2023-09-02 23:12:25
259,redirect,42.73,2023-05-21 11:55:07
259,cek,42.73,2023-06-12 20:06:31
259,debit,42.73,2023-06-07 07:13:48
259,redirect,42.73,2023-05-11 13:57:02
259,kredit,42.73,2023-09-30 23:11:04
259,gotovina,42.73,2023-08-13 06:44:15
259,wallet,42.73,2023-06-22 17:41:51
259,cek,42.73,2023-08-08 01:29:44
259,cek,42.73,2023-07-16 13:24:38
259,redirect,42.73,2023-05-24 11:10:16
259,gotovina,42.73,2023-10-06 09:10:41
260,ostalo,400.0,2023-04-21 09:55:49
261,redirect,400.0,2023-09-23 04:26:10
262,paypal,770.0,2023-08-20 06:18:22
264,cek,1800.0,2023-06-07 22:41:50
265,ostalo,44.44,2023-06-11 20:40:47
265,kredit,44.44,2023-05-06 10:31:50
265,paypal,44.44,2023-09-10 02:22:33
265,gotovina,44.44,2023-08-25 21:12:32
265,cek,44.44,2023-04-13 01:17:04
265,gotovina,44.44,2023-05-20 16:59:29
265,cek,44.44,2023-07-09 04:20:00
265,cek,44.44,2023-06-28 04:11:14
265,kredit,44.48,2023-06-18 17:49:42
267,paypal,88.89,2023-10-07 06:51:05
267,debit,88.89,2023-07-28 04:49:14
267,gotovina,88.89,2023-09-06 20:16:48
267,gotovina,88.89,2023-08-01 03:15:54
267,debit,88.89,2023-09-17 14:49:42
267,paypal,88.89,2023-08-17 22:03:02
267,cek,88.89,2023-09-04 23:28:49
267,ostalo,88.89,2023-09-02 15:01:45
267,gotovina,88.89,2023-07-11 23:51:58
268,debit,50.0,2023-10-10 20:56:49
268,redirect,50.0,2023-09-26 00:38:31
268,kredit,50.0,2023-07-19 02:42:45
268,wallet,50.0,2023-10-09 04:36:04
268,cek,50.0,2023-08-03 17:47:44
268,paypal,50.0,2023-08-06 16:53:14
268,gotovina,50.0,2023-11-08 08:24:04
268,gotovina,50.0,2023-08-24 22:24:57
271,ostalo,44.44,2023-06-08 17:13:48
271,ostalo,44.44,2023-05-27 23:58:44
271,paypal,44.44,2023-06-14 13:05:05
271,cek,44.44,2023-04-18 20:43:12
271,debit,44.44,2023-04-17 19:20:56
271,paypal,44.44,2023-08-30 03:28:34
271,cek,44.44,2023-08-25 10:47:46
271,cek,44.44,2023-08-19 18:23:43
271,debit,44.48,2023-08-15 03:22:11
272,kredit,300.0,2023-09-06 17:23:09
273,kredit,300.0,2023-06-21 16:06:37
274,redirect,52.22,2023-09-30 02:38:47
274,redirect,52.22,2023-06-04 20:01:06
274,wallet,52.22,2023-09-19 07:35:26
274,debit,52.22,2023-05-03 20:56:31
274,redirect,52.22,2023-10-15 12:16:20
274,debit,52.22,2023-09-11 19:33:43
274,ostalo,52.22,2023-05-05 09:05:38
274,redirect,52.22,2023-06-06 22:04:18
274,gotovina,52.24,2023-09-13 00:35:27
275,debit,750.0,2023-10-27 18:05:19
276,redirect,145.36,2023-09-08 02:29:06
277,ostalo,1200.0,2023-09-06 17:35:24
278,kredit,1000.0,2023-09-09 13:32:24
280,ostalo,600.0,2023-10-12 14:23:21
282,gotovina,800.0,2023-05-26 19:50:19
284,paypal,166.67,2023-04-14 01:05:55
284,redirect,166.67,2023-07-06 20:37:04
284,gotovina,166.67,2023-09-10 16:17:15
286,ostalo,262.43,2023-08-29 11:28:19
287,kredit,200.0,2023-08-01 15:07:32
288,ostalo,1200.0,2023-06-15 06:02:58
292,ostalo,375.0,2023-09-23 14:10:35
292,debit,375.0,2023-05-11 12:31:02
292,paypal,375.0,2023-08-14 00:16:58
292,debit,375.0,2023-06-04 06:09:55
293,redirect,350.0,2023-07-28 02:13:21
294,kredit,2000.0,2023-04-24 15:54:56
295,wallet,1120.0,2023-09-21 10:05:49
296,kredit,245.88,2023-05-30 01:49:26
297,cek,280.0,2023-10-30 22:39:45
299,gotovina,25.0,2023-08-17 03:50:45
299,cek,25.0,2023-09-29 10:30:35
299,ostalo,25.0,2023-09-06 03:48:21
299,gotovina,25.0,2023-06-25 21:00:13
299,wallet,25.0,2023-08-10 21:20:35
299,gotovina,25.0,2023-09-20 08:35:28
299,gotovina,25.0,2023-06-24 09:30:59
299,gotovina,25.0,2023-07-03 13:58:29
299,redirect,25.0,2023-09-06 04:18:41
299,paypal,25.0,2023-06-01 21:40:05
300,gotovina,777.69,2023-08-18 20:21:19
301,wallet,75.0,2023-09-20 15:29:00
301,paypal,75.0,2023-04-30 10:16:42
301,paypal,75.0,2023-07-28 10:21:51
301,gotovina,75.0,2023-06-19 07:05:33
301,wallet,75.0,2023-04-12 02:02:04
301,wallet,75.0,2023-05-29 06:45:51
301,redirect,75.0,2023-06-03 11:43:27
301,wallet,75.0,2023-07-15 09:12:12
304,debit,177.25,2023-06-18 13:27:45
305,debit,16.67,2023-06-18 04:40:23
305,wallet,16.67,2023-11-02 01:49:17
305,gotovina,16.67,2023-11-17 00:41:28
305,gotovina,16.67,2023-06-16 08:11:01
305,kredit,16.67,2023-05-25 21:12:36
305,kredit,16.67,2023-07-29 13:33:11
305,gotovina,16.67,2023-11-05 05:58:03
305,gotovina,16.67,2023-10-23 08:44:41
305,paypal,16.67,2023-09-19 10:24:30
305,paypal,16.67,2023-09-29 23:40:14
305,gotovina,16.67,2023-07-03 15:56:25
305,kredit,16.67,2023-11-03 00:39:36
306,debit,125.0,2023-06-11 03:26:49
306,debit,125.0,2023-09-15 03:13:29
306,cek,125.0,2023-09-17 16:37:27
306,wallet,125.0,2023-08-12 06:57:35
306,ostalo,125.0,2023-07-08 00:00:44
306,gotovina,125.0,2023-07-27 19:21:28
306,paypal,125.0,2023-05-18 15:01:38
306,paypal,125.0,2023-09-26 03:58:51
306,wallet,125.0,2023-05-12 18:43:24
306,gotovina,125.0,2023-08-24 08:07:21
306,wallet,125.0,2023-05-13 13:08:06
306,debit,125.0,2023-09-18 16:50:13
309,gotovina,600.0,2023-06-16 13:47:06
311,wallet,400.0,2023-06-01 18:30:46
312,kredit,470.0,2023-04-29 13:56:12
313,debit,45.45,2023-06-07 01:36:31
313,cek,45.45,2023-06-18 10:11:30
313,gotovina,45.45,2023-06-01 09:21:15
313,paypal,45.45,2023-07-27 05:19:07
313,paypal,45.45,2023-07-20 03:29:07
313,kredit,45.45,2023-05-21 07:56:19
313,gotovina,45.45,2023-06-03 11:58:41
313,debit,45.45,2023-09-16 04:16:18
313,ostalo,45.45,2023-09-16 04:35:53
313,gotovina,45.45,2023-05-18 07:40:49
313,cek,45.51,2023-11-07 01:16:01
314,ostalo,175.0,2023-05-19 19:04:06
316,gotovina,85.71,2023-07-16 22:29:12
316,debit,85.71,2023-09-25 13:22:02
316,kredit,85.71,2023-07-22 08:33:08
316,kredit,85.71,2023-07-31 00:32:39
316,paypal,85.71,2023-09-14 20:02:08
316,cek,85.71,2023-05-28 14:25:52
316,ostalo,85.74,2023-06-16 17:32:31
317,gotovina,60.0,2023-05-22 00:18:28
317,redirect,60.0,2023-05-26 20:40:01
317,kredit,60.0,2023-05-24 23:57:38
317,cek,60.0,2023-04-29 17:35:14
317,wallet,60.0,2023-06-05 11:51:47
317,kredit,60.0,2023-05-06 00:35:55
317,redirect,60.0,2023-04-28 09:21:08
317,debit,60.0,2023-07-30 13:03:29
317,wallet,60.0,2023-09-14 00:17:06
317,wallet,60.0,2023-09-02 02:59:32
318,kredit,233.33,2023-07-18 09:52:52
318,ostalo,233.33,2023-05-09 23:03:29
318,kredit,233.34,2023-06-19 19:40:52
319,paypal,94.0,2023-10-14 01:40:06
319,redirect,94.0,2023-08-27 13:55:14
319,debit,94.0,2023-08-12 20:58:39
319,wallet,94.0,2023-06-29 07:36:24
319,gotovina,94.0,2023-06-14 21:39:44
320,cek,62.5,2023-11-20 23:07:01
320,kredit,62.5,2023-06-18 06:25:26
320,redirect,62.5,2023-06-04 23:34:05
320,debit,62.5,2023-07-10 19:15:15
320,ostalo,62.5,2023-06-12 12:00:12
320,ostalo,62.5,2023-11-06 02:29:27
320,ostalo,62.5,2023-06-25 04:11:26
320,paypal,62.5,2023-09-07 02:54:29
321,ostalo,200.0,2023-08-31 18:30:08
321,paypal,200.0,2023-05-29 17:23:10
321,wallet,200.0,2023-07-04 02:45:42
323,debit,328.81,2023-10-07 10:08:01
324,wallet,200.0,2023-08-31 09:14:18
325,cek,300.0,2023-08-15 05:42:20
328,kredit,1500.0,2023-09-18 10:21:17
329,redirect,40.0,2023-05-28 16:28:34
329,kredit,40.0,2023-08-29 11:18:45
329,kredit,40.0,2023-05-18 09:05:26
329,paypal,40.0,2023-07-22 11:45:29
329,kredit,40.0,2023-06-15 09:10:04
329,debit,40.0,2023-09-04 08:51:52
329,ostalo,40.0,2023-08-15 21:53:16
329,wallet,40.0,2023-08-17 15:55:43
329,gotovina,40.0,2023-07-18 04:10:12
329,debit,40.0,2023-08-16 07:29:04
331,wallet,1200.0,2023-05-15 03:20:44
332,debit,120.0,2023-08-21 23:09:02
332,gotovina,120.0,2023-08-05 01:30:59
332,wallet,120.0,2023-06-21 01:37:30
332,ostalo,120.0,2023-06-11 06:36:49
332,wallet,120.0,2023-07-29 09:28:15
333,cek,11.65,2023-07-30 03:46:33
334,ostalo,452.33,2023-04-07 07:55:54
335,ostalo,92.67,2023-09-11 19:44:05
336,gotovina,181.82,2023-07-29 21:31:57
336,cek,181.82,2023-06-23 09:36:48
336,cek,181.82,2023-08-25 09:15:24
336,gotovina,181.82,2023-05-04 01:42:00
336,wallet,181.82,2023-09-26 09:23:24
336,paypal,181.82,2023-04-27 21:05:24
336,cek,181.82,2023-05-12 04:15:19
336,ostalo,181.82,2023-05-26 14:38:40
336,wallet,181.82,2023-07-18 08:06:59
336,gotovina,181.82,2023-07-31 04:33:44
336,gotovina,181.82,2023-07-24 21:39:50
339,redirect,162.33,2023-07-15 14:21:44
340,wallet,5.72,2023-06-09 13:59:32
341,paypal,500.0,2023-06-14 13:55:25
342,wallet,65.87,2023-05-12 21:49:37
343,paypal,50.0,2023-09-21 09:45:46
343,kredit,50.0,2023-06-11 05:17:16
343,gotovina,50.0,2023-08-15 20:08:51
343,kredit,50.0,2023-08-13 15:33:30
343,gotovina,50.0,2023-10-03 20:01:24
343,ostalo,50.0,2023-07-24 23:23:49
343,wallet,50.0,2023-05-16 00:22:35
344,debit,600.0,2023-07-22 14:46:28
344,ostalo,600.0,2023-07-03 13:10:00
345,kredit,80.0,2023-11-09 20:06:20
345,wallet,80.0,2023-09-27 18:02:48
345,ostalo,80.0,2023-07-01 02:37:35
345,redirect,80.0,2023-07-14 20:36:39
345,debit,80.0,2023-10-29 13:29:58
346,debit,350.0,2023-08-20 16:54:59
346,kredit,350.0,2023-09-10 07:54:15
348,redirect,1000.0,2023-05-01 13:14:05
349,redirect,1200.0,2023-06-13 18:22:04
350,paypal,239.45,2023-07-07 21:05:34
351,wallet,87.5,2023-10-12 15:07:03
351,paypal,87.5,2023-09-29 13:34:55
351,gotovina,87.5,2023-08-18 08:00:36
351,wallet,87.5,2023-10-25 10:16:31
351,gotovina,87.5,2023-07-28 06:51:17
351,wallet,87.5,2023-07-02 09:33:08
351,kredit,87.5,2023-07-09 17:35:25
351,gotovina,87.5,2023-08-31 01:12:12
352,paypal,375.0,2023-06-03 11:09:32
352,gotovina,375.0,2023-10-07 05:07:56
352,redirect,375.0,2023-10-14 17:25:31
352,cek,375.0,2023-08-31 05:25:41
354,wallet,800.0,2023-04-17 06:27:52
355,redirect,450.0,2023-05-25 01:39:04
356,redirect,27.27,2023-05-04 10:04:38
356,debit,27.27,2023-09-24 03:33:34
356,ostalo,27.27,2023-07-30 19:20:15
356,paypal,27.27,2023-07-19 09:21:52
356,kredit,27.27,2023-04-29 07:15:20
356,kredit,27.27,2023-07-01 14:55:26
356,paypal,27.27,2023-05-19 10:39:31
356,gotovina,27.27,2023-08-12 08:08:21
356,debit,27.27,2023-09-07 10:18:14
356,gotovina,27.27,2023-10-23 00:14:40
356,kredit,27.3,2023-08-23 22:16:58
358,debit,400.0,2023-08-12 23:02:07
359,debit,350.0,2023-11-04 19:15:41
360,redirect,279.72,2023-05-22 01:58:53
361,kredit,85.71,2023-09-03 11:11:46
361,cek,85.71,2023-09-12 05:17:35
361,debit,85.71,2023-09-16 11:05:46
361,debit,85.71,2023-08-25 11:02:33
361,redirect,85.71,2023-06-10 07:53:25
361,cek,85.71,2023-11-14 08:36:25
361,gotovina,85.74,2023-06-23 09:13:32
362,kredit,171.43,2023-08-18 02:39:21
362,wallet,171.43,2023-08-21 02:36:44
362,ostalo,171.43,2023-05-23 20:36:13
362,wallet,171.43,2023-07-10 06:35:15
362,wallet,171.43,2023-11-09 09:24:18
362,wallet,171.43,2023-08-25 17:57:59
362,gotovina,171.43,2023-06-18 04:54:35
363,wallet,300.0,2023-06-01 08:31:52
363,cek,300.0,2023-07-11 16:11:06
364,paypal,450.0,2023-04-29 03:34:25
365,gotovina,210.0,2023-06-25 18:40:55
365,ostalo,210.0,2023-07-22 01:06:00
366,gotovina,354.0,2023-08-18 04:33:11
366,gotovina,354.0,2023-06-14 17:25:04
366,cek,354.0,2023-05-31 19:28:37
366,cek,354.0,2023-06-13 06:33:06
366,redirect,354.0,2023-09-26 08:48:23
368,debit,885.0,2023-07-25 23:50:53
369,kredit,267.65,2023-09-10 03:38:53
372,debit,350.0,2023-05-08 03:06:43
373,paypal,100.0,2023-10-17 10:23:42
373,paypal,100.0,2023-07-08 15:49:37
373,gotovina,100.0,2023-08-02 08:50:10
373,gotovina,100.0,2023-08-03 14:53:48
375,kredit,300.0,2023-08-28 06:57:11
376,redirect,58.33,2023-08-11 13:38:06
376,debit,58.33,2023-08-04 08:46:22
376,debit,58.33,2023-06-10 15:51:25
376,debit,58.33,2023-09-12 05:13:02
376,debit,58.33,2023-07-16 09:56:05
376,gotovina,58.33,2023-06-17 17:25:48
376,gotovina,58.33,2023-07-11 09:34:57
376,redirect,58.33,2023-05-27 11:51:56
376,cek,58.33,2023-08-28 02:30:17
376,debit,58.33,2023-07-16 15:53:20
376,kredit,58.33,2023-08-23 15:42:14
376,paypal,58.37,2023-07-07 16:47:25
378,debit,50.0,2023-06-27 09:28:50
378,kredit,50.0,2023-06-06 17:04:45
378,wallet,50.0,2023-10-02 21:43:59
378,debit,50.0,2023-09-22 07:26:25
378,wallet,50.0,2023-05-28 02:40:01
378,paypal,50.0,2023-07-10 18:47:22
378,gotovina,50.0,2023-07-03 06:01:34
380,kredit,323.33,2023-09-19 17:32:32
380,wallet,323.33,2023-05-07 00:09:47
380,debit,323.34,2023-09-24 01:14:47
381,ostalo,85.71,2023-08-14 18:04:29
381,debit,85.71,2023-10-11 00:40:01
381,wallet,85.71,2023-06-25 11:19:14
381,cek,85.71,2023-10-08 16:16:01
381,ostalo,85.71,2023-06-12 18:21:48
381,paypal,85.71,2023-06-11 09:30:22
381,debit,85.74,2023-08-27 22:58:32
382,debit,250.0,2023-08-19 23:23:06
383,gotovina,2000.0,2023-08-28 15:59:25
385,cek,300.0,2023-06-01 01:16:02
386,cek,400.0,2023-10-05 13:07:59
387,wallet,400.0,2023-09-15 13:39:21
389,cek,1500.0,2023-07-27 22:45:17
391,cek,120.0,2023-06-05 21:21:50
391,ostalo,120.0,2023-10-16 07:39:19
391,gotovina,120.0,2023-10-08 10:24:06
391,kredit,120.0,2023-11-17 08:26:31
391,cek,120.0,2023-06-21 15:54:46
392,gotovina,1200.0,2023-08-22 23:19:13
394,kredit,400.0,2023-08-18 22:42:16
396,debit,100.0,2023-07-06 17:03:42
396,kredit,100.0,2023-07-17 06:50:28
396,debit,100.0,2023-06-18 05:37:01
397,debit,51.82,2023-06-08 13:04:01
397,debit,51.82,2023-08-20 17:57:30
397,kredit,51.82,2023-06-29 12:10:28
397,wallet,51.82,2023-05-24 07:32:22
397,debit,51.82,2023-08-05 17:57:22
397,gotovina,51.82,2023-06-11 19:00:57
397,gotovina,51.82,2023-05-22 11:22:35
397,cek,51.82,2023-06-13 02:12:52
397,kredit,51.82,2023-05-17 15:54:21
397,cek,51.82,2023-09-29 23:27:14
397,gotovina,51.82,2023-06-25 11:05:28
398,gotovina,220.3,2023-05-15 17:59:21
399,cek,385.0,2023-09-24 08:46:05
402,debit,166.67,2023-07-01 19:07:33
402,gotovina,166.67,2023-05-08 06:13:50
402,kredit,166.67,2023-08-18 00:42:10
403,ostalo,172.23,2023-08-21 12:36:31
404,kredit,400.0,2023-08-11 03:54:19
406,paypal,100.0,2023-07-11 01:25:33
406,wallet,100.0,2023-09-10 07:59:22
406,debit,100.0,2023-07-23 15:55:36
406,ostalo,100.0,2023-05-02 19:08:12
406,paypal,100.0,2023-07-25 22:48:17
406,cek,100.0,2023-09-16 04:42:52
406,cek,100.0,2023-06-09 20:12:20
406,paypal,100.0,2023-06-09 19:12:41
406,wallet,100.0,2023-06-22 21:12:35
406,paypal,100.0,2023-09-03 14:01:23
406,kredit,100.0,2023-06-03 20:42:22
406,wallet,100.0,2023-04-27 15:29:28
407,debit,18.75,2023-05-29 11:24:29
407,debit,18.75,2023-10-11 22:22:03
407,paypal,18.75,2023-05-29 05:45:53
407,ostalo,18.75,2023-05-26 01:47:49
407,paypal,18.75,2023-07-26 15:32:24
407,redirect,18.75,2023-09-07 12:27:50
407,redirect,18.75,2023-06-04 05:49:55
407,gotovina,18.75,2023-11-04 14:54:24
409,ostalo,43.84,2023-10-16 01:16:33
410,paypal,25.45,2023-07-27 18:21:21
410,ostalo,25.45,2023-08-07 23:13:43
410,debit,25.45,2023-06-01 05:00:18
410,paypal,25.45,2023-06-29 06:23:31
410,wallet,25.45,2023-07-31 05:58:42
410,paypal,25.45,2023-11-06 15:55:00
410,cek,25.45,2023-11-03 09:35:23
410,debit,25.45,2023-09-29 15:36:58
410,cek,25.45,2023-06-17 09:25:37
410,wallet,25.45,2023-10-15 01:16:13
410,ostalo,25.51,2023-07-23 07:28:11
412,ostalo,66.67,2023-05-30 10:38:04
412,debit,66.67,2023-05-15 11:29:28
412,ostalo,66.67,2023-06-28 11:39:17
412,gotovina,66.67,2023-08-20 23:36:45
412,kredit,66.67,2023-05-09 05:01:35
412,kredit,66.67,2023-04-29 01:29:07
413,paypal,1285.43,2023-05-01 08:40:10
414,paypal,456.01,2023-09-16 02:21:26
415,wallet,350.0,2023-09-10 05:04:23
416,cek,400.0,2023-07-15 02:55:05
417,debit,600.0,2023-06-14 07:52:49
418,gotovina,300.0,2023-05-03 13:56:46
419,redirect,200.0,2023-09-03 02:51:27
419,debit,200.0,2023-07-18 02:11:20
419,cek,200.0,2023-06-01 08:49:57
420,wallet,270.0,2023-08-31 12:19:19
422,debit,310.29,2023-08-23 19:01:54
423,redirect,166.67,2023-10-17 01:28:33
423,wallet,166.67,2023-07-04 12:23:12
423,kredit,166.67,2023-08-22 00:51:54
423,redirect,166.67,2023-07-25 17:20:56
423,wallet,166.67,2023-07-27 22:40:33
423,paypal,166.67,2023-10-05 11:51:09
423,redirect,166.67,2023-06-29 03:40:33
423,cek,166.67,2023-05-23 12:35:05
423,ostalo,166.67,2023-08-12 19:05:43
424,redirect,62.5,2023-05-12 07:44:12
424,gotovina,62.5,2023-08-17 03:39:01
424,wallet,62.5,2023-07-03 22:01:36
424,paypal,62.5,2023-05-15 18:13:01
424,cek,62.5,2023-07-22 21:45:09
424,gotovina,62.5,2023-04-21 21:28:04
424,cek,62.5,2023-08-13 09:14:10
424,wallet,62.5,2023-05-10 18:59:06
425,ostalo,60.0,2023-08-16 15:35:44
425,cek,60.0,2023-08-02 16:03:06
425,gotovina,60.0,2023-07-05 12:36:15
425,ostalo,60.0,2023-09-03 19:27:36
425,gotovina,60.0,2023-05-24 17:27:05
427,paypal,300.2,2023-09-02 17:09:02
428,redirect,36.36,2023-09-11 21:46:29
428,cek,36.36,2023-09-20 20:49:20
428,redirect,36.36,2023-11-08 00:13:35
428,debit,36.36,2023-10-09 23:39:53
428,ostalo,36.36,2023-06-12 10:54:29
428,paypal,36.36,2023-05-18 21:04:41
428,redirect,36.36,2023-10-07 19:13:14
428,ostalo,36.36,2023-09-13 07:58:10
428,gotovina,36.36,2023-10-02 05:37:16
428,wallet,36.36,2023-10-30 23:50:50
428,cek,36.4,2023-06-23 02:59:34
429,debit,35.0,2023-08-01 11:18:29
429,redirect,35.0,2023-07-18 14:40:29
429,gotovina,35.0,2023-06-12 10:18:34
429,ostalo,35.0,2023-08-12 06:53:36
429,ostalo,35.0,2023-05-13 13:38:10
429,debit,35.0,2023-08-23 02:16:18
429,wallet,35.0,2023-07-01 18:52:38
429,cek,35.0,2023-08-14 12:11:34
429,paypal,35.0,2023-04-26 16:03:07
429,paypal,35.0,2023-07-26 06:14:01
430,kredit,83.33,2023-11-11 14:56:35
430,paypal,83.33,2023-10-27 16:58:32
430,kredit,83.33,2023-08-04 11:34:09
430,kredit,83.33,2023-08-20 21:50:34
430,cek,83.33,2023-05-31 02:21:48
430,debit,83.35,2023-07-27 18:05:58
432,wallet,200.0,2023-07-18 11:11:29
432,debit,200.0,2023-06-14 00:33:21
432,cek,200.0,2023-09-27 17:18:24
432,kredit,200.0,2023-05-04 09:12:48
432,wallet,200.0,2023-08-11 00:23:40
432,debit,200.0,2023-08-18 14:41:32
432,ostalo,200.0,2023-07-29 00:33:56
432,redirect,200.0,2023-07-21 14:44:20
432,redirect,200.0,2023-09-18 01:44:21
432,debit,200.0,2023-08-08 04:29:46
433,cek,1163.48,2023-11-06 21:57:39
436,debit,160.0,2023-08-13 20:48:02
437,gotovina,300.0,2023-07-03 16:49:39
438,ostalo,123.78,2023-09-22 23:43:42
439,cek,160.0,2023-07-28 05:10:15
440,gotovina,140.0,2023-05-29 09:49:11
440,redirect,140.0,2023-06-12 03:50:01
440,cek,140.0,2023-06-19 22:14:23
440,cek,140.0,2023-09-21 10:44:28
440,redirect,140.0,2023-11-13 20:19:39
441,wallet,74.0,2023-10-14 13:02:48
441,paypal,74.0,2023-09-11 15:54:06
441,ostalo,74.0,2023-07-28 00:50:12
441,debit,74.0,2023-08-28 02:28:37
441,gotovina,74.0,2023-06-22 04:36:33
442,debit,200.0,2023-08-18 12:17:51
442,kredit,200.0,2023-05-26 17:19:50
443,cek,154.0,2023-05-05 15:44:00
443,redirect,154.0,2023-09-22 01:25:41
443,gotovina,154.0,2023-07-19 18:00:25
443,paypal,154.0,2023-09-17 14:17:38
443,kredit,154.0,2023-04-27 06:42:27
444,paypal,78.36,2023-09-08 08:07:38
445,kredit,150.0,2023-09-02 19:43:04
445,debit,150.0,2023-10-17 18:52:58
445,wallet,150.0,2023-09-19 01:18:25
445,ostalo,150.0,2023-07-16 23:21:14
445,debit,150.0,2023-09-01 15:26:42
445,redirect,150.0,2023-07-05 18:19:53
445,paypal,150.0,2023-08-18 21:56:20
445,paypal,150.0,2023-08-22 13:49:49
446,kredit,216.84,2023-10-31 15:45:58
447,kredit,200.0,2023-07-11 23:08:47
448,gotovina,161.43,2023-08-02 17:21:11
450,debit,400.0,2023-07-02 09:08:50
452,ostalo,166.36,2023-10-11 23:33:02
453,gotovina,337.8,2023-08-20 05:33:42
455,cek,347.72,2023-07-01 03:30:57
456,cek,424.82,2023-09-13 20:48:36
457,debit,500.0,2023-09-06 05:25:22
458,debit,383.28,2023-05-22 02:03:18
460,cek,150.0,2023-08-14 17:51:47
461,redirect,398.89,2023-06-17 00:09:49
463,debit,250.0,2023-05-21 07:10:00
463,paypal,250.0,2023-08-05 18:22:11
463,redirect,250.0,2023-09-16 06:45:25
463,kredit,250.0,2023-09-05 07:47:26
465,wallet,33.33,2023-11-05 02:41:58
465,paypal,33.33,2023-09-16 14:20:17
465,gotovina,33.33,2023-07-03 10:08:51
465,kredit,33.33,2023-10-16 18:37:48
465,cek,33.33,2023-10-15 08:05:37
465,debit,33.33,2023-06-21 22:18:43
465,gotovina,33.33,2023-05-11 14:39:21
465,gotovina,33.33,2023-06-05 01:45:35
465,kredit,33.33,2023-11-05 06:06:37
465,redirect,33.33,2023-05-10 02:11:09
465,redirect,33.33,2023-08-06 04:50:14
465,gotovina,33.38,2023-06-03 10:19:39
467,cek,67.0,2023-07-05 13:58:10
467,cek,67.0,2023-05-16 07:46:55
467,cek,67.0,2023-08-18 22:29:26
467,debit,67.0,2023-05-04 05:38:42
467,wallet,67.0,2023-07-19 02:24:08
467,cek,67.0,2023-08-24 22:57:18
467,wallet,67.0,2023-08-22 00:39:53
467,cek,67.0,2023-10-01 20:17:30
467,debit,67.0,2023-05-14 06:34:58
467,kredit,67.0,2023-09-11 15:11:57
468,debit,55.0,2023-09-11 18:57:15
468,paypal,55.0,2023-05-29 13:30:02
468,debit,55.0,2023-05-26 15:40:38
468,ostalo,55.0,2023-07-23 04:34:23
468,gotovina,55.0,2023-07-01 12:41:46
468,wallet,55.0,2023-06-30 17:16:08
468,wallet,55.0,2023-08-30 12:05:53
468,kredit,55.0,2023-08-30 13:22:15
468,cek,55.0,2023-10-04 04:48:30
468,debit,55.0,2023-11-11 02:58:16
469,redirect,371.57,2023-07-10 14:11:22
470,gotovina,400.0,2023-07-20 22:06:27
470,paypal,400.0,2023-10-10 10:23:47
473,debit,570.0,2023-07-06 12:22:27
474,redirect,28.0,2023-08-16 14:07:04
474,gotovina,28.0,2023-07-11 12:54:07
474,wallet,28.0,2023-07-11 08:03:07
474,kredit,28.0,2023-09-11 07:31:33
474,cek,28.0,2023-07-28 22:16:47
474,ostalo,28.0,2023-08-29 19:20:20
474,gotovina,28.0,2023-05-12 13:54:52
474,ostalo,28.0,2023-08-18 05:43:01
474,cek,28.0,2023-09-03 16:15:46
474,redirect,28.0,2023-07-19 07:15:24
475,kredit,500.0,2023-08-22 12:56:49
476,cek,45.45,2023-10-21 17:50:05
476,debit,45.45,2023-06-04 15:19:42
476,ostalo,45.45,2023-08-07 13:49:06
476,cek,45.45,2023-08-28 16:48:13
476,paypal,45.45,2023-06-11 12:22:40
476,cek,45.45,2023-08-11 07:14:53
476,wallet,45.45,2023-07-13 18:39:22
476,gotovina,45.45,2023-06-09 19:28:46
476,paypal,45.45,2023-06-28 14:54:02
476,cek,45.45,2023-11-04 00:56:00
476,wallet,45.51,2023-06-04 07:54:14
477,wallet,469.68,2023-06-28 00:45:34
478,gotovina,22.73,2023-10-27 00:21:16
478,ostalo,22.73,2023-05-23 20:16:23
478,ostalo,22.73,2023-10-18 10:08:40
478,gotovina,22.73,2023-09-18 11:55:29
478,paypal,22.73,2023-09-10 07:15:49
478,ostalo,22.73,2023-09-24 13:59:24
478,gotovina,22.73,2023-11-05 01:42:34
478,ostalo,22.73,2023-08-04 05:56:21
478,kredit,22.73,2023-06-28 07:21:30
478,cek,22.73,2023-05-29 23:03:49
478,ostalo,22.73,2023-05-30 09:28:24
479,cek,71.43,2023-05-02 00:31:01
479,gotovina,71.43,2023-05-05 10:32:05
479,cek,71.43,2023-08-24 17:36:52
479,gotovina,71.43,2023-06-10 22:41:37
479,paypal,71.43,2023-07-05 20:12:04
479,cek,71.43,2023-09-01 13:02:47
479,cek,71.43,2023-06-06 02:19:32
480,redirect,73.5,2023-08-08 09:32:00
481,redirect,370.0,2023-09-20 18:06:37
482,redirect,19.44,2023-07-29 19:48:53
482,paypal,19.44,2023-06-09 18:03:51
482,redirect,19.44,2023-06-30 08:21:47
482,paypal,19.44,2023-06-22 05:58:54
482,wallet,19.44,2023-07-19 18:29:06
482,debit,19.44,2023-06-05 18:32:29
482,gotovina,19.44,2023-06-24 23:44:30
482,ostalo,19.44,2023-09-16 22:48:08
482,gotovina,19.48,2023-10-13 00:38:08
485,gotovina,125.85,2023-07-21 08:19:30
486,redirect,100.0,2023-08-22 17:19:14
486,gotovina,100.0,2023-07-29 20:11:36
486,kredit,100.0,2023-06-13 08:05:29
487,gotovina,40.0,2023-06-16 12:26:40
487,paypal,40.0,2023-07-25 05:46:02
487,ostalo,40.0,2023-06-11 10:05:53
487,cek,40.0,2023-09-08 05:18:29
487,redirect,40.0,2023-09-08 09:43:43
487,gotovina,40.0,2023-09-14 01:13:16
487,redirect,40.0,2023-11-12 00:42:04
487,paypal,40.0,2023-09-21 04:19:34
487,kredit,40.0,2023-10-20 15:08:56
487,cek,40.0,2023-07-21 15:41:57
488,ostalo,370.0,2023-05-14 21:01:34
489,wallet,400.0,2023-10-12 22:15:34
490,ostalo,36.36,2023-04-25 17:50:03
490,gotovina,36.36,2023-09-30 04:18:29
490,gotovina,36.36,2023-05-08 22:34:49
490,wallet,36.36,2023-05-22 22:43:38
490,kredit,36.36,2023-06-04 23:07:54
490,kredit,36.36,2023-05-09 23:14:39
490,cek,36.36,2023-09-15 05:57:26
490,wallet,36.36,2023-09-22 15:09:52
490,cek,36.36,2023-09-22 23:50:19
490,debit,36.36,2023-06-25 16:23:33
490,debit,36.4,2023-05-07 07:56:52
491,gotovina,800.0,2023-08-23 03:12:54
492,paypal,210.08,2023-06-12 18:21:39
493,paypal,71.55,2023-06-27 01:03:42
494,debit,183.33,2023-11-05 22:21:23
494,gotovina,183.33,2023-08-27 09:46:30
494,ostalo,183.34,2023-09-08 16:41:57
495,kredit,600.0,2023-05-11 05:20:12
497,wallet,35.71,2023-07-28 11:43:23
497,gotovina,35.71,2023-09-01 16:57:02
497,redirect,35.71,2023-05-26 03:40:22
497,kredit,35.71,2023-08-22 07:44:40
497,ostalo,35.71,2023-09-03 08:06:38
497,ostalo,35.71,2023-07-10 13:51:40
497,gotovina,35.74,2023-06-19 03:10:45
498,kredit,400.0,2023-11-20 17:47:04
499,redirect,550.0,2023-09-25 15:21:11
500,ostalo,500.0,2023-10-12 14:42:13
501,debit,88.89,2023-09-23 23:02:37
501,redirect,88.89,2023-09-08 04:08:12
501,cek,88.89,2023-07-26 11:43:26
501,paypal,88.89,2023-11-02 09:53:40
501,paypal,88.89,2023-07-10 11:09:46
501,paypal,88.89,2023-09-13 20:59:06
501,ostalo,88.89,2023-08-09 23:24:27
501,wallet,88.89,2023-10-30 19:07:48
501,debit,88.89,2023-08-07 03:55:32
504,ostalo,136.27,2023-08-21 23:13:16
505,ostalo,100.0,2023-10-03 03:42:21
505,kredit,100.0,2023-04-29 08:51:36
505,cek,100.0,2023-08-02 21:31:42
505,redirect,100.0,2023-05-26 17:56:52
505,ostalo,100.0,2023-08-06 13:44:30
505,paypal,100.0,2023-10-05 15:08:22
505,paypal,100.0,2023-09-04 18:32:38
505,debit,100.0,2023-05-28 03:58:43
506,gotovina,162.24,2023-11-15 07:58:44
507,wallet,147.0,2023-06-04 06:29:55
507,gotovina,147.0,2023-05-20 15:05:57
507,wallet,147.0,2023-07-31 19:36:14
507,paypal,147.0,2023-07-06 07:57:37
507,paypal,147.0,2023-08-16 04:54:10
507,ostalo,147.0,2023-06-22 07:54:01
507,wallet,147.0,2023-05-23 04:27:52
507,cek,147.0,2023-10-15 19:04:35
507,debit,147.0,2023-10-17 11:22:02
507,redirect,147.0,2023-06-08 09:59:33
508,paypal,58.33,2023-10-06 12:14:26
508,redirect,58.33,2023-06-30 11:42:43
508,kredit,58.33,2023-08-31 17:13:46
508,paypal,58.33,2023-08-04 18:23:38
508,redirect,58.33,2023-06-29 13:32:24
508,wallet,58.33,2023-08-04 22:27:52
508,kredit,58.33,2023-09-13 14:24:45
508,paypal,58.33,2023-07-11 12:00:35
508,paypal,58.33,2023-06-19 19:26:31
508,paypal,58.33,2023-07-08 00:52:24
508,redirect,58.33,2023-10-24 14:01:08
508,redirect,58.37,2023-09-07 07:56:50
509,kredit,166.67,2023-04-12 18:17:55
509,gotovina,166.67,2023-09-25 10:45:42
509,paypal,166.67,2023-10-07 10:02:41
509,debit,166.67,2023-09-19 14:30:59
509,paypal,166.67,2023-05-04 17:46:34
509,kredit,166.67,2023-07-13 02:45:51
509,wallet,166.67,2023-08-18 11:17:32
509,paypal,166.67,2023-09-20 06:43:30
509,kredit,166.67,2023-08-26 23:46:46
510,paypal,500.0,2023-08-01 22:58:02
510,gotovina,500.0,2023-08-03 08:01:09
510,redirect,500.0,2023-08-16 01:16:41
510,kredit,500.0,2023-08-08 05:31:52
511,gotovina,115.0,2023-07-13 13:23:09
512,kredit,1200.0,2023-06-15 14:03:20
513,debit,33.33,2023-07-26 20:47:56
513,cek,33.33,2023-05-31 01:53:49
513,redirect,33.33,2023-07-21 09:28:51
513,paypal,33.33,2023-05-30 17:17:18
513,cek,33.33,2023-09-08 10:09:29
513,redirect,33.36,2023-06-09 09:29:07
515,wallet,300.0,2023-10-29 21:18:24
516,kredit,45.0,2023-10-17 23:27:14
516,redirect,45.0,2023-07-04 02:01:11
516,debit,45.0,2023-09-05 02:55:58
516,debit,45.0,2023-08-27 11:43:56
516,redirect,45.0,2023-10-25 23:23:24
516,gotovina,45.0,2023-07-27 17:45:35
518,paypal,98.33,2023-10-17 10:45:01
518,debit,98.33,2023-10-23 23:38:37
518,cek,98.33,2023-08-18 01:59:07
518,ostalo,98.33,2023-09-02 06:12:18
518,ostalo,98.33,2023-10-13 14:21:55
518,gotovina,98.33,2023-09-13 12:39:43
518,cek,98.33,2023-10-18 01:06:39
518,wallet,98.33,2023-07-08 17:42:39
518,debit,98.36,2023-06-05 14:13:50
519,paypal,13.92,2023-09-27 07:40:21
521,wallet,150.0,2023-07-06 16:10:38
522,kredit,300.0,2023-08-15 19:19:48
524,cek,36.36,2023-07-26 15:42:12
524,kredit,36.36,2023-04-07 10:09:54
524,kredit,36.36,2023-08-06 06:43:56
524,paypal,36.36,2023-07-28 09:27:27
524,redirect,36.36,2023-04-10 04:22:34
524,wallet,36.36,2023-05-20 14:42:54
524,paypal,36.36,2023-09-28 18:46:58
524,kredit,36.36,2023-05-07 11:45:06
524,gotovina,36.36,2023-04-11 20:42:37
524,redirect,36.36,2023-07-08 17:35:10
524,kredit,36.4,2023-05-21 06:01:04
525,redirect,600.0,2023-06-13 20:00:43
527,wallet,465.45,2023-10-10 06:02:04
528,cek,166.67,2023-09-25 18:51:13
528,redirect,166.67,2023-04-25 10:12:14
528,ostalo,166.67,2023-05-30 23:27:01
529,paypal,385.0,2023-07-13 02:07:26
529,debit,385.0,2023-07-24 09:39:10
530,debit,1170.0,2023-09-19 18:08:07
